"week","freq","total_negative","total_tweet"
1,0.0977443609022556,26,266
2,0.100456621004566,22,219
3,0.0538922155688623,9,167
4,0.105769230769231,22,208
5,0.116666666666667,21,180
6,0.0568181818181818,10,176
7,0.03125,8,256
8,0.028436018957346,6,211
9,0.0618556701030928,18,291
10,0.0316205533596838,8,253
11,0.0558139534883721,12,215
12,0.0139442231075697,7,502
13,0.0153061224489796,3,196
NA,0.666666666666667,4,6
