"","week","freq","total_negative","total_tweet"
"1",1,0.1,2,20
"2",2,0.162790697674419,7,43
"3",3,0.0227272727272727,1,44
"4",4,0.0588235294117647,3,51
"5",5,0,0,39
"6",6,0.0740740740740741,2,27
"7",7,0.0666666666666667,2,30
"8",8,0,0,27
"9",9,0,0,33
"10",10,0,0,28
"11",11,0.0465116279069767,2,43
"12",12,0,0,23
"13",13,0.0769230769230769,2,26
"14",14,0.157894736842105,3,19
